{"graph_0": {"_type": "graph-file", "path": "media/graph/graph_0_summary_0f7725a2.graph.json", "sha256": "0f7725a23be076ed35825664c356404d50bb55b6f8df480b01126414cdaee1fd", "size": 2722}, "Loss (training)": 1.3465449810028076, "Accuracy (training)": 0.30096858739852905, "COVID accuracy (training)": 0.4129456579685211, "Lung Opacity accuracy (training)": 0.2586350440979004, "Normal accuracy (training)": 0.3263803720474243, "Viral Pneumonia accuracy (training)": 0.0, "Loss (testing)": 1.258519172668457, "Accuracy (testing)": 0.48240017890930176, "COVID accuracy (testing)": 0.0, "Lung Opacity accuracy (testing)": 0.0, "Normal accuracy (testing)": 1.0, "Viral Pneumonia accuracy (testing)": 0.0, "_runtime": 8, "_timestamp": 1620679327, "Confusion matrix (training)_table": {"_type": "table-file", "path": "media/table/Confusion matrix (training)_table_0_b101d682.table.json", "sha256": "b101d68288ce87a94bc0f844866e1d07a8cf95ceafd784f9b64f49f68ca7ea14", "size": 637, "artifact_path": "wandb-artifact://41727469666163743a34313939323039/Confusion matrix (training)_table.table.json", "ncols": 3, "nrows": 16}, "Confusion matrix (testing)_table": {"_type": "table-file", "path": "media/table/Confusion matrix (testing)_table_0_f51d42c9.table.json", "sha256": "f51d42c9445a16f4ec0ccadae179d4769c5034e4051d24fa0d99ca6268bb0375", "size": 616, "ncols": 3, "nrows": 16}, "_step": 0}