{"graph_0": {"_type": "graph-file", "path": "media/graph/graph_0_summary_d993c7ba.graph.json", "sha256": "d993c7ba23866cd5552edfc2c3724249885c62e15d9b9df21991c9a681e9b0f1", "size": 2740}, "Loss (training)": 1.3003125190734863, "Accuracy (training)": 0.40178361535072327, "COVID accuracy (training)": 0.5679484009742737, "Lung Opacity accuracy (training)": 0.2192714512348175, "Normal accuracy (training)": 0.0, "Viral Pneumonia accuracy (training)": 0.8220338821411133, "Loss (testing)": 1.4192811250686646, "Accuracy (testing)": 0.21733994781970978, "COVID accuracy (testing)": 0.49381017684936523, "Lung Opacity accuracy (testing)": 0.29601991176605225, "Normal accuracy (testing)": 0.0, "Viral Pneumonia accuracy (testing)": 0.7906976938247681, "_runtime": 113, "_timestamp": 1620615657, "Confusion matrix (training)_table": {"_type": "table-file", "path": "media/table/Confusion matrix (training)_table_6_06d9ac28.table.json", "sha256": "06d9ac28337a891ca088ef7b1384891362bc159dec3ada97921d893e152f1dbb", "size": 637, "ncols": 3, "nrows": 16}, "Confusion matrix (testing)_table": {"_type": "table-file", "path": "media/table/Confusion matrix (testing)_table_6_d9980467.table.json", "sha256": "d99804674bfc50388b93669634e62b1529f2e568ab69f4590f41829520736fc2", "size": 628, "artifact_path": "wandb-artifact://41727469666163743a34313337303433/Confusion matrix (testing)_table.table.json", "ncols": 3, "nrows": 16}, "_step": 6}