{"graph_0": {"_type": "graph-file", "path": "media/graph/graph_0_summary_cd719df7.graph.json", "sha256": "cd719df7423d71f3ac9f5b0d11e5c39004fdcbd9e724e46b49db4e7831a30c69", "size": 2740}, "Loss (training)": 1.1777955293655396, "Accuracy (training)": 0.5613040328025818, "COVID accuracy (training)": 0.4460738003253937, "Lung Opacity accuracy (training)": 0.5241217613220215, "Normal accuracy (training)": 0.53336501121521, "Viral Pneumonia accuracy (training)": 0.74212646484375, "Loss (testing)": 1.2095154523849487, "Accuracy (testing)": 0.5279943346977234, "COVID accuracy (testing)": 0.4718019366264343, "Lung Opacity accuracy (testing)": 0.5157545804977417, "Normal accuracy (testing)": 0.5328109860420227, "Viral Pneumonia accuracy (testing)": 0.7054263353347778, "_runtime": 721, "_timestamp": 1620580350, "_step": 127}